,PassengerId,Survived,Pclass,Sex,SibSp,Parch,Age,Boarded,Destination,Class
0,1,0,3,male,1,0,22.0,Southampton,"Qu'Appelle Valley, Saskatchewan, Canada",3
1,2,1,1,female,1,0,35.0,Cherbourg,"New York, New York, US",1
2,3,1,3,female,0,0,26.0,Southampton,New York City,3
3,4,1,1,female,1,0,35.0,Southampton,"Scituate, Massachusetts, US",1
4,5,0,3,male,0,0,35.0,Southampton,New York City,3
5,6,0,3,male,0,0,22.0,Queenstown,New York City,3
6,7,0,1,male,0,0,54.0,Southampton,"Dorchester, Massachusetts, US",1
7,8,0,3,male,3,1,2.0,Southampton,"Chicago, Illinois, US",3
8,9,1,3,female,0,2,26.0,Southampton,"St. Charles, Illinois, US",3
9,10,1,2,female,1,0,14.0,Cherbourg,"Cleveland, Ohio, US",2
10,11,1,3,female,1,1,4.0,Southampton,"San Francisco, US",3
11,12,1,1,female,0,0,61.0,Southampton,"Youngstown, Ohio, US",1
12,13,0,3,male,0,0,19.0,Southampton,New York City,3
13,14,0,3,male,1,5,39.0,Southampton,"Winnipeg, Manitoba, Canada",3
14,15,0,3,female,0,0,14.0,Southampton,"Los Angeles, US",3
15,16,1,2,female,0,0,56.0,Southampton,"Rapid City, South Dakota, US",2
16,17,0,3,male,4,1,2.0,Queenstown,"Spokane, Washington, US",3
17,18,1,2,male,0,0,23.0,Southampton,"Chicago, Illinois, US",2
18,19,0,3,female,1,0,31.0,Southampton,"Fremont, Ohio, US",3
19,20,1,3,female,0,0,22.0,Cherbourg,"Michigan City, Indiana, US",3
20,21,0,2,male,0,0,35.0,Southampton,"Montreal, Quebec, Canada",2
21,22,1,2,male,0,0,34.0,Southampton,"Toronto, Ontario, Canada",2
22,23,1,3,female,0,0,16.0,Queenstown,"Chicago, Illinois, US",3
23,24,1,1,male,0,0,28.0,Southampton,"New Britain, Connecticut, US",1
24,25,0,3,female,3,1,8.0,Southampton,"Chicago, Illinois, US",3
25,26,1,3,female,1,5,38.0,Southampton,"Worcester, Massachusetts, US",3
26,27,0,3,male,0,0,25.0,Cherbourg,New York City,3
27,28,0,1,male,3,2,19.0,Southampton,"Winnipeg, Manitoba, Canada",1
28,29,1,3,female,0,0,25.0,Queenstown,New York City,3
29,30,0,3,male,0,0,23.0,Southampton,"Chicago, Illinois, US",3
30,31,0,1,male,0,0,40.0,Cherbourg,"Mexico City, Mexico",1
31,32,1,1,female,1,0,45.0,Cherbourg,"New York, New York, US",1
32,33,1,3,female,0,0,19.0,Queenstown,"Washington, DC, US",3
33,34,0,2,male,0,0,66.0,Southampton,"Edgewood, Rhode Island, US",2
34,35,0,1,male,1,0,28.0,Cherbourg,"New York, New York, US",1
35,36,0,1,male,1,0,42.0,Southampton,"New York, New York, US",1
36,37,1,3,male,0,0,20.0,Cherbourg,"Philadelphia, Pennsylvania, US",3
37,38,0,3,male,0,0,21.0,Southampton,New York City,3
38,39,0,3,female,2,0,18.0,Southampton,"Fremont, Ohio, US",3
39,40,1,3,female,1,0,14.0,Cherbourg,"Jacksonville, Florida, US",3
40,41,0,3,female,1,0,40.0,Southampton,"Akeley, Minnesota, US",3
41,42,0,2,female,1,0,27.0,Southampton,"Salt Lake City, Utah, US",2
42,44,1,2,female,1,2,3.0,Cherbourg,"Cap-Ha?ien, Haiti",2
43,45,1,3,female,0,0,19.0,Queenstown,New York City,3
44,46,0,3,male,0,0,29.0,Southampton,New York City,3
45,47,0,3,male,1,0,20.0,Queenstown,New York City,3
46,48,1,3,female,0,0,24.0,Queenstown,"Jersey City, New Jersey, US",3
47,49,0,3,male,2,0,16.0,Cherbourg,"Wilkes-Barre, Pennsylvania, US",3
48,50,0,3,female,1,0,18.0,Southampton,"New Glarus, Wisconsin, US",3
49,51,0,3,male,4,1,7.0,Southampton,"Coal Center, Pennsylvania, US",3
50,52,0,3,male,0,0,21.0,Southampton,"Buffalo, New York, US",3
51,53,1,1,female,1,0,49.0,Cherbourg,"New York, New York, US",1
52,54,1,2,female,1,0,29.0,Southampton,"Philadelphia, Pennsylvania, US",2
53,55,0,1,male,0,1,64.0,Southampton,"Providence, Rhode Island, US",1
54,56,1,1,male,0,0,45.0,Southampton,"New York, New York, US",1
55,57,1,2,female,0,0,21.0,Southampton,"Wilmington, Delaware, US",2
56,58,0,3,male,0,0,20.0,Cherbourg,"Ottawa, Ontario, Canada",3
57,59,1,2,female,1,2,4.0,Southampton,"Gainesville, Florida, US",2
58,60,0,3,male,5,2,13.0,Southampton,"Niagara Falls, New York, US",3
59,61,0,3,male,0,0,22.0,Cherbourg,"Brantford, Ontario, Canada",3
60,62,1,1,female,0,0,38.0,Southampton,"New York, New York, US",1
61,63,0,1,male,1,0,45.0,Southampton,"New York, New York, US",1
62,64,0,3,male,3,2,5.0,Southampton,"Iron Mountain, Michigan, US",3
63,65,0,1,male,0,0,54.0,Cherbourg,"Gallipolis, Ohio, US",1
64,66,1,3,male,1,1,7.0,Cherbourg,"Houtzdale, Pennsylvania, US",3
65,67,1,2,female,0,0,29.0,Southampton,"East Orange, New Jersey, US",2
66,68,0,3,male,0,0,19.0,Southampton,"Cleveland, Ohio, US",3
67,69,1,3,female,4,2,17.0,Southampton,New York City,3
68,70,0,3,male,2,0,26.0,Southampton,"Milwaukee, Wisconsin, US",3
69,71,0,2,male,0,0,32.0,Southampton,"Houghton, Michigan, US",2
70,72,0,3,female,5,2,16.0,Southampton,"Niagara Falls, New York, US",3
71,73,0,2,male,0,0,21.0,Southampton,"Manitoba, Canada",2
72,74,0,3,male,1,0,26.0,Cherbourg,New York City,3
73,75,1,3,male,0,0,32.0,Southampton,New York City,3
74,76,0,3,male,0,0,25.0,Southampton,"Minneapolis, Minnesota, US",3
75,77,0,3,male,0,0,23.0,Southampton,"Chicago, Illinois, US",3
76,78,0,3,male,0,0,28.0,Southampton,New York City,3
77,79,1,2,male,0,2,0.83,Southampton,"Roseville, Illinois, US",2
78,80,1,3,female,0,0,31.0,Southampton,New York City,3
79,81,0,3,male,0,0,22.0,Southampton,"Stanton, Ohio, US",3
80,82,1,3,male,0,0,29.0,Southampton,"Detroit, Michigan, US",3
81,83,1,3,female,0,0,31.0,Queenstown,"Chicago, Illinois, US",3
82,84,0,1,male,0,0,31.0,Southampton,"Montevideo, Uruguay",1
83,85,1,2,female,0,0,17.0,Southampton,"Atlanta, Georgia, US",2
84,86,1,3,female,3,0,33.0,Southampton,New York City,3
85,87,0,3,male,1,3,16.0,Southampton,"Essex County, New Jersey, US",3
86,88,0,3,male,0,0,20.0,Southampton,New York City,3
87,89,1,1,female,3,2,23.0,Southampton,"Winnipeg, Manitoba, Canada",1
88,90,0,3,male,0,0,24.0,Southampton,New York City,3
89,91,0,3,male,0,0,29.0,Southampton,New York City,3
90,92,0,3,male,0,0,20.0,Southampton,"Chicago, Illinois, US",3
91,93,0,1,male,1,0,46.0,Southampton,"Amenia, North Dakota, US",1
92,94,0,3,male,1,2,25.0,Southampton,"Wichita, Kansas, US",3
93,95,0,3,male,0,0,59.0,Southampton,"Merrill, Wisconsin, US",3
94,96,0,3,male,0,0,22.0,Southampton,"New York, US",3
95,97,0,1,male,0,0,71.0,Cherbourg,"New York, New York, US",1
96,98,1,1,male,0,1,23.0,Cherbourg,"New York, New York, US",1
97,99,1,2,female,0,1,34.0,Southampton,New York City,2
98,100,0,2,male,1,0,34.0,Southampton,"Bronx, New York, US",2
99,101,0,3,female,0,0,28.0,Southampton,"Harrisburg, Pennsylvania, US",3
100,102,0,3,male,0,0,29.0,Southampton,"Chicago, Illinois, US",3
101,103,0,1,male,0,1,21.0,Southampton,"Brunswick, Maine, US",1
102,104,0,3,male,0,0,33.0,Southampton,"Cheyenne, North Dakota, US",3
103,105,0,3,male,2,0,37.0,Southampton,New York City,3
104,106,0,3,male,0,0,28.0,Southampton,"Chicago, Illinois, US",3
105,107,1,3,female,0,0,21.0,Southampton,"Proctor, Minnesota, US",3
106,108,1,3,male,0,0,29.0,Southampton,New York City,3
107,109,0,3,male,0,0,38.0,Southampton,"Harrisburg, Pennsylvania, US",3
108,110,1,3,female,1,0,28.0,Queenstown,"Brooklyn, New York, US",3
109,111,0,1,male,0,0,46.0,Southampton,"Worcester, Massachusetts, US",1
110,112,0,3,female,1,0,16.0,Cherbourg,New York City,3
111,113,0,3,male,0,0,22.0,Southampton,New York City,3
112,114,0,3,female,1,0,20.0,Southampton,New York City,3
113,115,0,3,female,0,0,17.0,Cherbourg,New York City,3
114,116,0,3,male,0,0,21.0,Southampton,New York City,3
115,117,0,3,male,0,0,61.0,Queenstown,New York City,3
116,118,0,2,male,1,0,29.0,Southampton,"Salt Lake City, Utah, US",2
117,119,0,1,male,0,1,24.0,Cherbourg,"Montreal, Quebec, Canada",1
118,120,0,3,female,4,2,2.0,Southampton,"Winnipeg, Manitoba, Canada",3
119,121,0,2,male,2,0,20.0,Southampton,"The Pas, Manitoba, Canada",2
120,122,0,3,male,0,0,19.0,Southampton,"Hoboken, New Jersey, US",3
121,123,0,2,male,1,0,28.0,Cherbourg,"Cleveland, Ohio, US",2
122,124,1,2,female,0,0,37.0,Southampton,"Hartford, Connecticut, US",2
123,125,0,1,male,0,1,54.0,Southampton,"Brunswick, Maine, US",1
124,126,1,3,male,1,0,12.0,Cherbourg,"Jacksonville, Florida, US",3
125,127,0,3,male,0,0,20.0,Queenstown,New York City,3
126,128,1,3,male,0,0,24.0,Southampton,"Brooklyn, New York, US",3
127,129,1,3,female,1,1,2.0,Cherbourg,"Detroit, Michigan, US",3
128,130,0,3,male,0,0,45.0,Southampton,"Effington Rut, South Dakota, US",3
129,131,0,3,male,0,0,33.0,Cherbourg,New York City,3
130,132,0,3,male,0,0,20.0,Southampton,New York City,3
131,133,0,3,female,1,0,47.0,Southampton,"Yonkers, New York, US",3
132,134,1,2,female,1,0,37.0,Southampton,"Montreal, Quebec, Canada",2
133,135,0,2,male,0,0,25.0,Southampton,"Houghton, Michigan, US",2
134,136,0,2,male,0,0,23.0,Cherbourg,"Montreal, Quebec, Canada",2
135,137,1,1,female,0,2,19.0,Southampton,"New York, New York, US",1
136,138,0,1,male,1,0,37.0,Southampton,"Scituate, Massachusetts, US",1
137,139,0,3,male,0,0,16.0,Southampton,"Mitchell, South Dakota, US",3
138,140,0,1,male,0,0,24.0,Cherbourg,"New York, New York, US",1
139,141,0,3,female,0,2,40.0,Cherbourg,"Kent, British Columbia, Canada",3
140,142,1,3,female,0,0,22.0,Southampton,"Hackensack, New Jersey, US",3
141,143,1,3,female,1,0,24.0,Southampton,"Monessen, Pennsylvania, US",3
142,144,0,3,male,0,0,19.0,Queenstown,"Charlestown, US",3
143,145,0,2,male,0,0,17.0,Southampton,"Trenton, New Jersey, US",2
144,146,0,2,male,1,1,19.0,Southampton,"Houghton, Michigan, US",2
145,147,1,3,male,0,0,27.0,Southampton,"Chicago, Illinois, US",3
146,148,0,3,female,2,2,7.0,Southampton,"Essex County, New Jersey, US",3
147,149,0,2,male,0,2,32.0,Southampton,New York City,2
148,150,0,2,male,0,0,42.0,Southampton,"Jacksonville, Florida, US",2
149,151,0,2,male,0,0,51.0,Southampton,"Jacksonville, Florida, US",2
150,152,1,1,female,1,0,22.0,Southampton,"New York, New York, US",1
151,153,0,3,male,0,0,48.0,Southampton,"Washington, DC, US",3
152,154,0,3,male,0,2,35.0,Southampton,"North Wales, Pennsylvania, US",3
153,155,0,3,male,0,0,27.0,Southampton,"Broderick, Canada",3
154,156,0,1,male,0,1,51.0,Cherbourg,"Radnor, Pennsylvania, US",1
155,157,1,3,female,0,0,17.0,Queenstown,New York City,3
156,158,0,3,male,0,0,30.0,Southampton,New York City,3
157,159,0,3,male,0,0,37.0,Southampton,New York City,3
158,160,0,3,male,8,2,4.0,Southampton,"Jacksonville, Florida, US",3
159,161,0,3,male,0,1,44.0,Southampton,"Newark, New Jersey, US",3
160,162,1,2,female,0,0,40.0,Southampton,"Portland, Oregon, US",2
161,163,0,3,male,0,0,26.0,Southampton,"Monee, Illinois, US",3
162,164,0,3,male,0,0,17.0,Southampton,"Sault Ste. Marie, Michigan, US",3
163,165,0,3,male,4,1,1.0,Southampton,"Coal Center, Pennsylvania, US",3
164,166,1,3,male,0,2,9.0,Southampton,"Detroit, Michigan, US",3
165,167,1,1,female,0,1,48.0,Southampton,"New York, New York, US",1
166,168,0,3,female,1,4,43.0,Southampton,"Iron Mountain, Michigan, US",3
167,169,0,1,male,0,0,60.0,Cherbourg,"New York, New York, US",1
168,170,0,3,male,0,0,24.0,Southampton,New York City,3
169,171,0,1,male,0,0,61.0,Belfast,"Brooklyn, New York, US",1
170,172,0,3,male,4,1,4.0,Queenstown,"Spokane, Washington, US",3
171,173,1,3,female,1,1,1.0,Southampton,"St. Charles, Illinois, US",3
172,174,0,3,male,0,0,21.0,Southampton,"Mountain Home, Idaho, US",3
173,175,0,1,male,0,0,56.0,Cherbourg,"Long Island, New York, US",1
174,176,0,3,male,1,1,18.0,Southampton,New York City,3
175,177,0,3,male,3,1,5.0,Southampton,"Mystic, Iowa, US",3
176,178,0,1,female,0,0,50.0,Cherbourg,"Chicago, Illinois, US",1
177,179,0,2,male,0,0,30.0,Southampton,"Auburn, New York, US",2
178,180,0,3,male,0,0,36.0,Southampton,New York City,3
179,181,0,3,female,8,2,7.0,Southampton,"Jacksonville, Florida, US",3
180,182,0,2,male,0,0,39.0,Cherbourg,"New York, New York, US",1
181,183,0,3,male,4,2,9.0,Southampton,"Worcester, Massachusetts, US",3
182,184,1,2,male,2,1,1.0,Southampton,"Benton Harbor, Michigan, US",2
183,185,1,3,female,0,2,4.0,Southampton,"Milwaukee, Wisconsin, US",3
184,186,0,1,male,0,0,38.0,Southampton,"Seattle, Washington, US",1
185,187,1,3,female,1,0,26.0,Queenstown,New York City,3
186,188,1,1,male,0,0,45.0,Southampton,"New York, New York, US",1
187,189,0,3,male,1,1,42.0,Queenstown,"Chicago, Illinois, US",3
188,190,0,3,male,0,0,36.0,Southampton,"Youngstown, Ohio, US",3
189,191,1,2,female,0,0,21.0,Southampton,"Brooklyn, New York, US",2
190,192,0,2,male,0,0,19.0,Southampton,"Houghton, Michigan, US",2
191,193,1,3,female,1,0,19.0,Southampton,"Portland, Oregon, US",3
192,194,1,2,male,1,1,3.0,Southampton,New York City,2
193,195,1,1,female,0,0,44.0,Cherbourg,"Denver, Colorado, US",1
194,196,1,1,female,0,0,59.0,Cherbourg,"New York, New York, US",1
195,197,0,3,male,0,0,26.0,Queenstown,"Chicago, Illinois, US",3
196,198,0,3,male,0,1,42.0,Southampton,"Brooklyn, New York, US",3
197,199,1,3,female,0,0,21.0,Queenstown,New York City,3
198,200,0,2,female,0,0,24.0,Southampton,"Montreal, Quebec, Canada",2
199,201,0,3,male,0,0,28.0,Southampton,New York City,3
200,202,0,3,male,8,2,16.0,Southampton,"Jacksonville, Florida, US",3
201,203,0,3,male,0,0,34.0,Southampton,"Vancouver, British Columbia, Canada",3
202,204,0,3,male,0,0,45.0,Cherbourg,"Wilkes-Barre, Pennsylvania, US",3
203,205,1,3,male,0,0,18.0,Southampton,"Brooklyn, New York, US",3
204,206,0,3,female,0,1,2.0,Southampton,"Indiana Harbor, Indiana, US",3
205,207,0,3,male,1,0,32.0,Southampton,New York City,3
206,208,1,3,male,0,0,26.0,Cherbourg,"Fredericksburg, Virginia, US",3
207,209,1,3,female,0,0,16.0,Queenstown,New York City,3
208,210,1,1,male,0,0,39.0,Cherbourg,"Glen Ridge, New Jersey, US",1
209,211,0,3,male,0,0,24.0,Southampton,New York City,3
210,212,1,2,female,0,0,35.0,Southampton,"Mamaronek, New York, US",2
211,213,0,3,male,0,0,22.0,Southampton,"Saskatoon, Saskatchewan, Canada",3
212,214,0,2,male,0,0,30.0,Southampton,"San Francisco, California, US",2
213,215,0,3,male,1,0,22.0,Queenstown,"Jersey City, New Jersey, US",3
214,216,1,1,female,1,0,31.0,Cherbourg,"Lexington, Massachusetts, US",1
215,217,1,3,female,0,0,27.0,Southampton,New York City,3
216,218,0,2,male,1,0,40.0,Southampton,"Montreal, Quebec, Canada",2
217,219,1,1,female,0,0,36.0,Cherbourg,"Philadelphia, Pennsylvania, US",1
218,220,0,2,male,0,0,30.0,Southampton,New York City,2
219,221,1,3,male,0,0,20.0,Southampton,"Cleveland, Ohio, US",3
220,222,0,2,male,0,0,29.0,Southampton,"Lake Arthur, New Mexico, US",2
221,223,0,3,male,0,0,40.0,Southampton,"Lead, South Dakota, US",3
222,224,0,3,male,0,0,22.0,Southampton,"Coon Rapids, Iowa, US",3
223,225,1,1,male,1,0,35.0,Southampton,"Stamford, Connecticut, US",1
224,226,0,3,male,0,0,22.0,Southampton,New York City,3
225,227,1,2,male,0,0,19.0,Southampton,"Long Island, New York, US",2
226,228,0,3,male,0,0,20.0,Southampton,New York City,3
227,229,0,2,male,0,0,18.0,Southampton,"Bayonne, New Jersey, US",2
228,230,0,3,female,3,1,12.0,Southampton,"Mystic, Iowa, US",3
229,231,1,1,female,1,0,35.0,Southampton,"New York, New York, US",1
230,232,0,3,male,0,0,29.0,Southampton,"Hartford, Connecticut, US",3
231,233,0,2,male,0,0,30.0,Southampton,"Sault Ste Marie, Michigan, US",2
232,234,1,3,female,4,2,5.0,Southampton,"Worcester, Massachusetts, US",3
233,235,0,2,male,0,0,25.0,Southampton,New York City,2
234,236,0,3,female,0,0,21.0,Southampton,"New London, Connecticut, US",3
235,237,0,2,male,1,0,44.0,Southampton,"Sacramento, California, US",2
236,238,1,2,female,0,2,8.0,Southampton,"Payette, Idaho, US",2
237,239,0,2,male,0,0,19.0,Southampton,"Butte, Montana, US",2
238,240,0,2,male,0,0,33.0,Southampton,"Philadelphia, Pennsylvania, US",2
239,241,0,3,female,1,0,19.0,Cherbourg,New York City,3
240,242,1,3,female,1,0,18.0,Queenstown,"Philadelphia, Pennsylvania, US",3
241,243,0,2,male,0,0,29.0,Southampton,"Detroit, Michigan, US",2
242,244,0,3,male,0,0,22.0,Southampton,"Sudbury, Ontario, Canada",3
243,245,0,3,male,0,0,30.0,Cherbourg,"Ottawa, Ontario, Canada",3
244,246,0,1,male,2,0,44.0,Southampton,"Fond du Lac, Wisconsin, US",1
245,247,0,3,female,0,0,25.0,Southampton,"Saranac Lake, New York, US",3
246,248,1,2,female,0,2,24.0,Southampton,"Detroit, Michigan, US",2
247,249,1,1,male,1,1,37.0,Southampton,"New York, New York, US",1
248,250,0,2,male,1,0,54.0,Southampton,New York City,2
249,251,0,3,male,0,0,19.0,Southampton,New York City,3
250,252,0,3,female,1,1,29.0,Southampton,"Indiana Harbor, Indiana, US",3
251,253,0,1,male,0,0,62.0,Southampton,"New York, New York, US",1
252,254,0,3,male,1,0,30.0,Southampton,"Scranton, Pennsylvania, US",3
253,255,0,3,female,0,2,41.0,Southampton,"Astoria, Oregon, US",3
254,256,1,3,female,0,2,27.0,Cherbourg,"Dowagiac, Michigan, US",3
255,257,1,1,female,0,0,37.0,Cherbourg,"New York, New York, US",1
256,258,1,1,female,0,0,30.0,Southampton,"Vancouver, British Columbia, Canada",1
257,259,1,1,female,0,0,38.0,Cherbourg,"Germantown, Pennsylvania, US",1
258,260,1,2,female,0,1,60.0,Southampton,"Woodford County, Kentucky, US",2
259,261,0,3,male,0,0,26.0,Queenstown,"Hammond, Indiana, US",3
260,262,1,3,male,4,2,3.0,Southampton,"Worcester, Massachusetts, US",3
261,263,0,1,male,1,1,52.0,Southampton,"New York, New York, US",1
262,264,0,1,male,0,0,45.0,Southampton,"New York, New York, US",1
263,265,0,3,female,0,0,23.0,Queenstown,"Boston, Massachusetts, US",3
264,266,0,2,male,0,0,36.0,Southampton,New York City,2
265,267,0,3,male,4,1,16.0,Southampton,"Coal Center, Pennsylvania, US",3
266,268,1,3,male,1,0,25.0,Southampton,"Indianapolis, Indiana, US",3
267,269,1,1,female,0,1,59.0,Southampton,"Greenwich, Connecticut, US",1
268,270,1,1,female,0,0,39.0,Cherbourg,"New York, New York, US",1
269,271,0,1,male,0,0,28.0,Southampton,"Bryn Mawr, Pennsylvania, US",1
270,272,1,3,male,0,0,25.0,Southampton,New York City,3
271,273,1,2,female,0,1,41.0,Southampton,"Bennington, Vermont, US",2
272,274,0,1,male,0,1,36.0,Cherbourg,"Brooklyn, New York, US",1
273,275,1,3,female,0,0,29.0,Queenstown,New York City,3
274,276,1,1,female,1,0,62.0,Cherbourg,"Hudson, New York, US",1
275,277,0,3,female,0,0,45.0,Southampton,"Stratford, Connecticut, US",3
276,278,0,2,male,0,0,18.0,Belfast,New York City,2
277,279,0,3,male,4,1,7.0,Queenstown,"Spokane, Washington, US",3
278,280,1,3,female,1,1,39.0,Southampton,"East Providence, Rhode Island, US",3
279,281,0,3,male,0,0,65.0,Queenstown,"Morris Plains, New Jersey, US",3
280,282,0,3,male,0,0,28.0,Southampton,New York City,3
281,283,0,3,male,0,0,16.0,Southampton,"Gladstone, Michigan, US",3
282,284,1,3,male,0,0,18.0,Southampton,"Oglesby, Illinois, US",3
283,285,0,1,male,0,0,57.0,Southampton,"New York, New York, US",1
284,286,0,3,male,0,0,33.0,Cherbourg,New York City,3
285,287,1,3,male,0,0,36.0,Southampton,"Detroit, Michigan, US",3
286,288,0,3,male,0,0,22.0,Southampton,"Chicago, Illinois, US",3
287,289,1,2,male,0,0,41.0,Southampton,"Tokyo, Japan",2
288,290,1,3,female,0,0,22.0,Queenstown,New York City,3
289,291,1,1,female,0,0,26.0,Southampton,"New York, New York, US",1
290,292,1,1,female,1,0,19.0,Cherbourg,"Dowagiac, Michigan, US",1
291,293,0,2,male,0,0,36.0,Cherbourg,"Montreal, Quebec, Canada",2
292,294,0,3,female,0,0,24.0,Southampton,"Chicago, Illinois, US",3
293,295,0,3,male,0,0,24.0,Southampton,"Coon Rapids, Iowa, US",3
294,296,0,1,male,0,0,31.0,Cherbourg,"Chicago, Illinois, US",1
295,297,0,3,male,0,0,35.0,Cherbourg,"Ottawa, Ontario, Canada",3
296,298,0,1,female,1,2,2.0,Southampton,"Montreal, Quebec, Canada",1
297,299,1,1,male,0,0,47.0,Southampton,"New York, New York, US",1
298,300,1,1,female,0,1,50.0,Cherbourg,"Montreal, Quebec, Canada",1
299,301,1,3,female,0,0,20.0,Queenstown,"Chicago, Illinois, US",3
300,302,1,3,male,2,0,24.0,Queenstown,"Brooklyn, New York, US",3
301,303,0,3,male,0,0,19.0,Southampton,New York City,3
302,304,1,2,female,0,0,46.0,Queenstown,"Harrisburg, Pennsylvania, US",2
303,305,0,3,male,0,0,28.0,Southampton,New York City,3
304,307,1,1,female,0,0,42.0,Cherbourg,"Haverford, Pennsylvania, US",1
305,308,1,1,female,1,0,22.0,Cherbourg,"New York, New York, US",1
306,309,0,2,male,1,0,30.0,Cherbourg,"New York, New York, US",2
307,310,1,1,female,0,0,31.0,Cherbourg,"New York, New York, US",1
308,311,1,1,female,0,0,24.0,Cherbourg,"New York, New York, US",1
309,312,1,1,female,2,2,18.0,Cherbourg,"Cooperstown, New York, US",1
310,313,0,2,female,1,1,26.0,Southampton,"Minneapolis, Minnesota, US",2
311,314,0,3,male,0,0,28.0,Southampton,"Harrisburg, Pennsylvania, US",3
312,315,0,2,male,1,1,47.0,Southampton,"Winnipeg, Manitoba, Canada",2
313,316,1,3,female,0,0,26.0,Southampton,"Joliet, Illinois, US",3
314,317,1,2,female,1,0,24.0,Southampton,"Bronx, New York, US",2
315,318,0,2,male,0,0,54.0,Southampton,"Frankfort, Kentucky, US",2
316,319,1,1,female,0,2,31.0,Southampton,"Youngstown, Ohio, US",1
317,320,1,1,female,1,1,39.0,Cherbourg,"Tuxedo Park, New York, US",1
318,321,0,3,male,0,0,22.0,Southampton,"Saskatoon, Saskatchewan, Canada",3
319,322,0,3,male,0,0,27.0,Southampton,"Chicago, Illinois, US",3
320,323,1,2,female,0,0,30.0,Queenstown,"Vancouver, British Columbia, Canada",2
321,324,1,2,female,1,1,28.0,Southampton,"Roseville, Illinois, US",2
322,325,0,3,male,8,2,19.0,Southampton,"Jacksonville, Florida, US",3
323,326,1,1,female,0,0,36.0,Cherbourg,"New York, New York, US",1
324,327,0,3,male,0,0,61.0,Southampton,"Grand Forks, North Dakota, US",3
325,328,1,2,female,0,0,36.0,Southampton,"Jacksonville, Florida, US",2
326,329,1,3,female,1,1,31.0,Southampton,"Detroit, Michigan, US",3
327,330,1,1,female,0,1,17.0,Cherbourg,"Chicago, Illinois, US",1
328,331,1,3,female,2,0,29.0,Queenstown,"Brooklyn, New York, US",3
329,332,0,1,male,0,0,40.0,Southampton,"Toronto, Ontario, Canada",1
330,333,0,1,male,0,1,38.0,Southampton,"Winnipeg, Manitoba, Canada",1
331,334,0,3,male,2,0,15.0,Southampton,"Fremont, Ohio, US",3
332,335,1,1,female,1,0,42.0,Southampton,"New York, New York, US",1
333,336,0,3,male,0,0,30.0,Southampton,"Coon Rapids, Iowa, US",3
334,337,0,1,male,1,0,29.0,Southampton,"New York, New York, US",1
335,338,1,1,female,0,0,41.0,Cherbourg,"Tuxedo Park, New York, US",1
336,339,1,3,male,0,0,45.0,Southampton,"Fingal, North Dakota, US",3
337,340,0,1,male,0,0,45.0,Southampton,"Trenton, New Jersey, US",1
338,341,1,2,male,1,1,2.0,Southampton,New York City,2
339,342,1,1,female,3,2,24.0,Southampton,"Winnipeg, Manitoba, Canada",1
340,343,0,2,male,0,0,27.0,Southampton,"Ashtabula, Ohio, US",2
341,344,0,2,male,0,0,25.0,Southampton,"Minatitl?, Veracruz, Mexico",2
342,345,0,2,male,0,0,38.0,Southampton,"Rochester, New York, US",2
343,346,1,2,female,0,0,18.0,Southampton,"Montreal, Quebec, Canada",1
344,347,1,2,female,0,0,39.0,Southampton,"Washington, DC US",2
345,349,1,3,male,1,1,9.0,Southampton,"Brooklyn, New York, US",3
346,350,0,3,male,0,0,42.0,Southampton,"Red Lodge, Montana, US",3
347,351,0,3,male,0,0,23.0,Southampton,"Peoria, Illinois, US",3
348,352,0,1,male,0,0,43.0,Southampton,"Newark, New Jersey, US",1
349,353,0,3,male,1,1,17.0,Cherbourg,"Ottawa, Ontario, Canada",3
350,354,0,3,male,1,0,25.0,Southampton,"New Glarus, Wisconsin, US",3
351,355,0,3,male,0,0,25.0,Cherbourg,New York City,3
352,356,0,3,male,0,0,28.0,Southampton,New York City,3
353,357,1,1,female,0,1,22.0,Southampton,"New York, New York, US",1
354,358,0,2,female,0,0,38.0,Southampton,"Bally, Pennsylvania, US",2
355,359,1,3,female,0,0,22.0,Queenstown,New York City,3
356,360,1,3,female,0,0,23.0,Queenstown,New York City,3
357,361,0,3,male,1,4,40.0,Southampton,"Iron Mountain, Michigan, US",3
358,362,0,2,male,1,0,29.0,Cherbourg,"Chicago, Illinois, US",2
359,363,0,3,female,0,1,45.0,Cherbourg,"Ottawa, Ontario, Canada",3
360,364,0,3,male,0,0,35.0,Southampton,New York City,3
361,365,0,3,male,1,0,27.0,Queenstown,"Chicago, Illinois, US",3
362,366,0,3,male,0,0,30.0,Southampton,"Brooklyn, New York, US",3
363,367,1,1,female,1,0,60.0,Cherbourg,"Portland, Oregon, US",1
364,368,1,3,female,0,0,35.0,Cherbourg,"Wilkes-Barre, Pennsylvania, US",3
365,369,1,3,female,0,0,26.0,Queenstown,"East Lynn, Massachusetts, US",3
366,370,1,1,female,0,0,24.0,Cherbourg,"New York, New York, US",1
367,371,1,1,male,1,0,25.0,Cherbourg,"New York, New York, US",1
368,372,0,3,male,1,0,18.0,Southampton,"Montreal, Quebec, Canada",3
369,373,0,3,male,0,0,18.0,Southampton,"Russell, US",3
370,374,0,1,male,0,0,22.0,Cherbourg,"New York, New York, US",1
371,375,0,3,female,3,1,3.0,Southampton,"Chicago, Illinois, US",3
372,376,1,1,female,1,0,25.0,Cherbourg,"New York, New York, US",1
373,377,1,3,female,0,0,22.0,Southampton,New York City,3
374,378,0,1,male,0,2,27.0,Southampton,"Philadelphia, Pennsylvania, US",1
375,379,0,3,male,0,0,20.0,Cherbourg,"Waterbury, Connecticut, US",3
376,380,0,3,male,0,0,19.0,Southampton,"Aberdeen, South Dakota, US",3
377,381,1,1,female,0,0,46.0,Cherbourg,"New York, New York, US",1
378,382,1,3,female,0,2,1.0,Cherbourg,"Waterbury, Connecticut, US",3
379,383,0,3,male,0,0,32.0,Southampton,New York City,3
380,384,1,1,female,1,0,35.0,Southampton,"New York, New York, US",1
381,385,0,3,male,0,0,27.0,Southampton,"Tulsa, Oklahoma, US",3
382,386,0,2,male,0,0,21.0,Southampton,"Eden, Manitoba, Canada",2
383,387,0,3,male,5,2,1.0,Southampton,"Niagara Falls, New York, US",3
384,388,1,2,female,0,0,36.0,Southampton,"San Francisco, US",2
385,389,0,3,male,0,0,20.0,Queenstown,"Lakewood Township, New Jersey, US",3
386,390,1,2,female,0,0,17.0,Cherbourg,"Central City, Iowa, US",2
387,391,1,1,male,1,2,36.0,Southampton,"Bryn Mawr, Pennsylvania, US",1
388,392,1,3,male,0,0,21.0,Southampton,"Swedeburg, Nebraska, US",3
389,393,0,3,male,2,0,28.0,Southampton,New York City,3
390,394,1,1,female,1,0,23.0,Cherbourg,"Lexington, Massachusetts, US",1
391,395,1,3,female,0,2,24.0,Southampton,"San Francisco, US",3
392,396,0,3,male,0,0,22.0,Southampton,"St. Paul, Minnesota, US",3
393,397,0,3,female,0,0,31.0,Southampton,"St. Paul, Minnesota, US",3
394,398,0,2,male,0,0,46.0,Southampton,"Rochester, New York, US",2
395,399,0,2,male,0,0,23.0,Southampton,"Hamilton, Ontario, Canada",2
396,400,1,2,female,0,0,26.0,Southampton,"Columbus, Ohio, US",2
397,401,1,3,male,0,0,39.0,Southampton,"Boston, Massachusetts, US",3
398,402,0,3,male,0,0,26.0,Southampton,"La Porte City, Iowa, US",3
399,403,0,3,female,1,0,21.0,Southampton,New York City,3
400,404,0,3,male,1,0,28.0,Southampton,"Monessen, Pennsylvania, US",3
401,405,0,3,female,0,0,20.0,Southampton,"Chicago, Illinois, US",3
402,406,0,2,male,1,0,33.0,Southampton,"Clear Creek, Colorado, US",2
403,407,0,3,male,0,0,51.0,Southampton,New York City,3
404,408,1,2,male,1,1,3.0,Southampton,"Akron, Ohio, US",2
405,409,0,3,male,0,0,21.0,Southampton,New York City,3
406,410,0,3,female,3,1,3.0,Southampton,"Mystic, Iowa, US",3
407,411,0,3,male,0,0,42.0,Southampton,"Chicago, Illinois, US",3
408,412,0,3,male,0,0,27.0,Queenstown,"Boston, Massachusetts, US",3
409,413,1,1,female,1,0,33.0,Southampton,"Fond du Lac, Wisconsin, US",1
410,414,0,2,male,0,0,21.0,Belfast,New York City,2
411,415,1,3,male,0,0,44.0,Southampton,"Cheyenne, Wyoming, US",3
412,416,0,3,female,0,0,31.0,Southampton,New York City,3
413,417,1,2,female,1,1,34.0,Southampton,"Greenport, New York, US",2
414,418,1,2,female,0,2,17.0,Southampton,"Minneapolis, Minnesota, US",2
415,419,0,2,male,0,0,30.0,Southampton,"La Salle, Illinois, US",2
416,420,0,3,female,0,2,10.0,Southampton,"Detroit, Michigan, US",3
417,422,0,3,male,0,0,28.0,Queenstown,New York City,3
418,423,0,3,male,0,0,29.0,Southampton,"Saskatoon, Saskatchewan, Canada",3
419,424,0,3,female,1,1,28.0,Southampton,"Stanton, Iowa, US",3
420,425,0,3,male,1,1,18.0,Southampton,"Astoria, Oregon, US",3
421,426,0,3,male,0,0,54.0,Southampton,"Quebec City, Quebec, Canada",3
422,427,1,2,female,1,0,28.0,Southampton,"San Francisco, California, US",2
423,428,1,2,female,0,0,19.0,Southampton,"Los Angeles, US",2
424,429,0,3,male,0,0,28.0,Queenstown,New York City,3
425,430,1,3,male,0,0,32.0,Southampton,"San Francisco, US",3
426,431,1,1,male,0,0,28.0,Southampton,"Washington, DC, US",1
427,432,1,3,female,1,0,32.0,Southampton,"Clinton, New York, US",3
428,433,1,2,female,1,0,42.0,Southampton,New York City,2
429,434,0,3,male,0,0,17.0,Southampton,"Sudbury, Ontario, Canada",3
430,435,0,1,male,1,0,50.0,Cherbourg,"Duluth, Minnesota, US",1
431,436,1,1,female,1,2,13.0,Southampton,"Bryn Mawr, Pennsylvania, US",1
432,437,0,3,female,2,2,20.0,Southampton,"Essex County, New Jersey, US",3
433,438,1,2,female,2,3,23.0,Southampton,"Akron, Ohio, US",2
434,439,0,1,male,1,4,64.0,Southampton,"Winnipeg, Manitoba, Canada",1
435,440,0,2,male,0,0,31.0,Southampton,"Arlington, Virginia, US",2
436,441,1,2,female,1,1,48.0,Southampton,"Winnipeg, Manitoba, Canada",2
437,442,0,3,male,0,0,19.0,Southampton,"Detroit, Michigan, US",3
438,443,0,3,male,1,0,25.0,Southampton,"Chicago, Illinois, US",3
439,444,1,2,female,0,0,28.0,Southampton,New York City,2
440,445,1,3,male,0,0,29.0,Southampton,New York City,3
441,446,1,1,male,0,2,4.0,Southampton,"San Francisco, California, US",1
442,447,1,2,female,0,1,13.0,Southampton,"Bennington, Vermont, US",2
443,448,1,1,male,0,0,34.0,Southampton,"New York, New York, US",1
444,449,1,3,female,2,1,5.0,Cherbourg,"Brooklyn, New York, US",3
445,450,1,1,male,0,0,52.0,Southampton,"Toronto, Ontario, Canada",1
446,451,0,2,male,1,2,36.0,Southampton,"Gainesville, Florida, US",2
447,452,0,3,male,1,0,28.0,Southampton,"Belmar, New Jersey, US",3
448,453,0,1,male,0,0,30.0,Southampton,"New York, New York, US",1
449,454,1,1,male,1,0,47.0,Cherbourg,"New York, New York, US",1
450,455,0,3,male,0,0,24.0,Southampton,New York City,3
451,456,1,3,male,0,0,29.0,Cherbourg,"Galesburg, Illinois, US",3
452,457,0,1,male,0,0,65.0,Cherbourg,"East Bridgewater, Massachusetts, US",1
453,458,1,1,female,1,0,31.0,Southampton,"Pittsburgh, Pennsylvania, US",1
454,459,1,2,female,0,0,48.0,Southampton,"Indianapolis, Indiana, US",2
455,460,0,3,male,0,0,16.0,Queenstown,New York City,3
456,461,1,1,male,0,0,47.0,Southampton,"New York, New York, US",1
457,462,0,3,male,0,0,34.0,Southampton,New York City,3
458,463,0,1,male,0,0,47.0,Southampton,"Mexico City, Mexico",1
459,464,0,2,male,0,0,48.0,Southampton,"Oregon, Wisconsin, US",2
460,465,0,3,male,0,0,34.0,Southampton,New York City,3
461,466,0,3,male,0,0,37.0,Southampton,New York City,3
462,467,0,2,male,0,0,21.0,Belfast,New York City,2
463,468,0,1,male,0,0,56.0,Southampton,"New York, New York, US",1
464,469,0,3,male,0,0,22.0,Queenstown,New York City,3
465,470,1,3,female,2,1,0.75,Cherbourg,"Brooklyn, New York, US",3
466,471,0,3,male,0,0,39.0,Southampton,"Rahway, New Jersey, US",3
467,472,0,3,male,0,0,38.0,Southampton,"Chicago, Illinois, US",3
468,473,1,2,female,1,2,33.0,Southampton,"Gainesville, Florida, US",2
469,474,1,2,female,0,0,23.0,Southampton,New York City,2
470,475,0,3,female,0,0,22.0,Southampton,New York City,3
471,476,0,1,male,0,0,40.0,Southampton,"Stoughton, Massachusetts",1
472,477,0,2,male,1,0,33.0,Southampton,"Elizabeth, New Jersey, US",2
473,478,0,3,male,1,0,29.0,Southampton,"Qu'Appelle Valley, Saskatchewan, Canada",3
474,479,0,3,male,0,0,22.0,Southampton,"Palmer, Massachusetts, US",3
475,480,1,3,female,0,1,2.0,Southampton,"Monessen, Pennsylvania, US",3
476,481,0,3,male,5,2,10.0,Southampton,"Niagara Falls, New York, US",3
477,482,0,2,male,0,0,37.0,Belfast,New York City,2
478,483,0,3,male,0,0,50.0,Southampton,"Cleveland, Ohio, US",3
479,484,1,3,female,0,0,63.0,Southampton,"Hibbing, Minnesota, US",3
480,485,1,1,male,1,0,25.0,Cherbourg,"Dowagiac, Michigan, US",1
481,486,0,3,female,3,1,8.0,Southampton,"Mystic, Iowa, US",3
482,487,1,1,female,1,0,31.0,Southampton,"Stamford, Connecticut, US",1
483,488,0,1,male,0,0,58.0,Cherbourg,"Buffalo, New York, US",1
484,489,0,3,male,0,0,30.0,Southampton,"Canastota, New York, US",3
485,490,1,3,male,1,1,3.0,Southampton,"Brooklyn, New York, US",3
486,491,0,3,male,1,0,19.0,Southampton,"Belmar, New Jersey, US",3
487,492,0,3,male,0,0,21.0,Southampton,New York City,3
488,493,0,1,male,0,0,55.0,Southampton,"Montreal, Quebec, Canada",1
489,494,0,1,male,0,0,71.0,Cherbourg,"New York, New York, US",1
490,495,0,3,male,0,0,21.0,Southampton,"Cleveland, Ohio, US",3
491,496,0,3,male,0,0,26.0,Cherbourg,"Youngstown, Ohio, US",3
492,497,1,1,female,1,0,54.0,Cherbourg,"Brookline, Massachusetts, US",1
493,498,0,3,male,0,0,55.0,Southampton,"Troy, New York, US",3
494,499,0,1,female,1,2,25.0,Southampton,"Montreal, Quebec, Canada",1
495,500,0,3,male,0,0,24.0,Southampton,New York City,3
496,501,0,3,male,0,0,17.0,Southampton,"Sault Ste. Marie, Michigan, US",3
497,502,0,3,female,0,0,22.0,Queenstown,"Philadelphia, Pennsylvania, US",3
498,503,0,3,female,0,0,21.0,Queenstown,New York City,3
499,504,0,3,female,0,0,37.0,Southampton,New York City,3
500,505,1,1,female,0,0,20.0,Southampton,"Vancouver, British Columbia, Canada",1
501,506,0,1,male,1,0,24.0,Cherbourg,"New York, New York, US",1
502,507,1,2,female,0,2,33.0,Southampton,"Detroit, Michigan, US",2
503,508,1,1,male,0,0,37.0,Southampton,"Los Angeles, California, US",1
504,509,0,3,male,0,0,28.0,Southampton,New York City,3
505,510,1,3,male,0,0,26.0,Southampton,New York City,3
506,511,1,3,male,0,0,29.0,Queenstown,New York City,3
507,512,0,3,male,0,0,66.0,Southampton,"San Francisco, US",3
508,513,1,1,male,0,0,35.0,Southampton,"Philadelphia, Pennsylvania, US",1
509,514,1,1,female,1,0,54.0,Cherbourg,"New York, New York, US",1
510,515,0,3,male,0,0,24.0,Southampton,"Chicago, Illinois, US",3
511,516,0,1,male,0,0,48.0,Southampton,"East Orange, New Jersey, US",1
512,517,1,2,female,0,0,34.0,Southampton,"Chicago, Illinois, US",2
513,518,0,3,male,0,0,29.0,Queenstown,"Bronx, New York, US",3
514,519,1,2,female,1,0,36.0,Southampton,New York City,2
515,520,0,3,male,0,0,32.0,Southampton,"Harrisburg, Pennsylvania, US",3
516,521,1,1,female,0,0,33.0,Southampton,"Montreal, Quebec, Canada",1
517,522,0,3,male,0,0,21.0,Southampton,"St. Joseph, Minnesota, US",3
518,523,0,3,male,0,0,30.0,Cherbourg,"Waterbury, Connecticut, US",3
519,524,1,1,female,0,1,44.0,Cherbourg,"Chicago, Illinois, US",1
520,525,0,3,male,0,0,18.0,Cherbourg,New York City,3
521,526,0,3,male,0,0,25.0,Queenstown,New York City,3
522,527,1,2,female,0,0,50.0,Southampton,"Marietta, Ohio, US",2
523,528,0,1,male,0,0,57.0,Southampton,"New York, New York, US",1
524,529,0,3,male,0,0,39.0,Southampton,"Aberdeen, Washington, US",3
525,530,0,2,male,2,1,23.0,Southampton,"Akron, Ohio, US",2
526,531,1,2,female,1,1,2.0,Southampton,"Detroit, Michigan, US",2
527,532,0,3,male,0,0,17.0,Cherbourg,New York City,3
528,533,0,3,male,1,1,15.0,Cherbourg,"Ottawa, Ontario, Canada",3
529,534,1,3,female,0,2,24.0,Cherbourg,"Detroit, Michigan, US",3
530,535,0,3,female,0,0,30.0,Southampton,"Chicago, Illinois, US",3
531,536,1,2,female,0,2,7.0,Southampton,"Winnipeg, Manitoba, Canada",2
532,537,0,1,male,0,0,46.0,Southampton,"Washington, DC, US",1
533,538,1,1,female,0,0,27.0,Cherbourg,"Minneapolis, Minnesota, US",1
534,539,0,3,male,0,0,69.0,Southampton,"Groesbeck, Texas, US",3
535,540,1,1,female,0,2,22.0,Cherbourg,"New York, New York, US",1
536,541,1,1,female,0,2,39.0,Southampton,"Milwaukee, Wisconsin, US",1
537,542,0,3,female,4,2,9.0,Southampton,"Winnipeg, Manitoba, Canada",3
538,543,0,3,female,4,2,11.0,Southampton,"Winnipeg, Manitoba, Canada",3
539,544,1,2,male,1,0,32.0,Southampton,New York City,2
540,545,0,1,male,1,0,50.0,Cherbourg,"Minneapolis, Minnesota, US",1
541,546,0,1,male,0,0,64.0,Southampton,"New York, New York, US",1
542,547,1,2,female,1,0,19.0,Southampton,New York City,2
543,548,1,2,male,0,0,26.0,Cherbourg,"Havana, Cuba",2
544,549,0,3,male,1,1,33.0,Southampton,"Detroit, Michigan, US",3
545,550,1,2,male,1,1,8.0,Southampton,"Houghton, Michigan, US",2
546,551,1,1,male,0,2,17.0,Cherbourg,"Haverford, Pennsylvania, US",1
547,552,0,2,male,0,0,27.0,Southampton,New York City,2
548,553,0,3,male,0,0,21.0,Queenstown,New York City,3
549,554,1,3,male,0,0,22.0,Cherbourg,"Dayton, Ohio, US",3
550,555,1,3,female,0,0,22.0,Southampton,"Chicago, Illinois, US",3
551,556,0,1,male,0,0,62.0,Southampton,"Halifax, Nova Scotia, Canada",1
552,557,1,1,female,1,0,48.0,Cherbourg,"New York, New York, US",1
553,559,1,1,female,1,1,39.0,Southampton,"New York, New York, US",1
554,560,1,3,female,1,0,36.0,Southampton,"Tampico, Montana, US",3
555,561,0,3,male,0,0,30.0,Queenstown,"Gleichen, Alberta, Canada",3
556,562,0,3,male,0,0,40.0,Southampton,"Harrisburg, Pennsylvania, US",3
557,563,0,2,male,0,0,28.0,Southampton,"Houghton, Michigan, US",2
558,564,0,3,male,0,0,39.0,Southampton,New York City,3
559,565,0,3,female,0,0,63.0,Southampton,New York City,3
560,566,0,3,male,2,0,24.0,Southampton,"Pontiac, Michigan, US",3
561,567,0,3,male,0,0,19.0,Southampton,"Chicago, Illinois, US",3
562,568,0,3,female,0,4,29.0,Southampton,"Chicago, Illinois, US",3
563,569,0,3,male,0,0,28.0,Cherbourg,"Youngstown, Ohio, US",3
564,570,1,3,male,0,0,32.0,Southampton,"Huntley, Illinois, US",3
565,571,1,2,male,0,0,62.0,Southampton,New York City,2
566,572,1,1,female,2,0,53.0,Southampton,"New York, New York, US",1
567,573,1,1,male,0,0,36.0,Southampton,"Brooklyn, New York, US",1
568,574,1,3,female,0,0,22.0,Queenstown,New York City,3
569,575,0,3,male,0,0,16.0,Southampton,"Detroit, Michigan, US",3
570,576,0,3,male,0,0,19.0,Southampton,"Kitchener, Ontario, Canada",3
571,577,1,2,female,0,0,34.0,Southampton,"Brooklyn, New York, US",2
572,578,1,1,female,1,0,39.0,Cherbourg,"Duluth, Minnesota, US",1
573,579,0,3,female,1,0,18.0,Cherbourg,"Ottawa, Ontario, Canada",3
574,580,1,3,male,0,0,32.0,Southampton,"Monessen, Pennsylvania, US",3
575,581,1,2,female,1,1,25.0,Southampton,"Montreal, Quebec, Canada",2
576,582,1,1,female,1,1,39.0,Cherbourg,"Haverford, Pennsylvania, US",1
577,583,0,2,male,0,0,55.0,Southampton,"Rochester, New York, US",2
578,584,0,1,male,0,0,36.0,Southampton,"Winnipeg, Manitoba, Canada",1
579,585,0,3,male,0,0,16.0,Cherbourg,New York City,3
580,586,1,1,female,0,2,18.0,Southampton,"New York, New York, US",1
581,587,0,2,male,0,0,47.0,Southampton,New York City,2
582,588,1,1,male,1,1,60.0,Cherbourg,"New York, New York, US",1
583,589,0,3,male,0,0,22.0,Southampton,"Chicago, Illinois, US",3
584,590,0,3,male,0,0,22.0,Southampton,New York City,3
585,591,0,3,male,0,0,35.0,Southampton,"Sudbury, Ontario, Canada",3
586,592,1,1,female,1,0,52.0,Cherbourg,"Haverford, Pennsylvania, US",1
587,593,0,3,male,0,0,47.0,Southampton,"Gurnee, Illinois, US",3
588,594,0,3,female,0,2,40.0,Queenstown,"Chicago, Illinois, US",3
589,595,0,2,male,1,0,36.0,Southampton,"Spokane, Washington, US",2
590,596,0,3,male,1,1,36.0,Southampton,"Detroit, Michigan, US",3
591,597,1,2,female,0,0,31.0,Southampton,"Chicago, Illinois, US",2
592,598,0,3,male,0,0,49.0,Southampton,New York City,3
593,599,0,3,male,0,0,18.0,Cherbourg,"Ottawa, Ontario, Canada",3
594,600,1,1,male,1,0,49.0,Cherbourg,"New York, New York, US",1
595,601,1,2,female,2,1,24.0,Southampton,"Montreal, Quebec, Canada",2
596,602,0,3,male,0,0,42.0,Southampton,New York City,3
597,603,0,1,male,0,0,37.0,Southampton,"Washington, DC, US",1
598,604,0,3,male,0,0,44.0,Southampton,New York City,3
599,605,1,1,male,0,0,40.0,Southampton,"Indianapolis, Indiana, US",1
600,606,0,3,male,1,0,36.0,Southampton,"Hartford, Connecticut, US",3
601,607,0,3,male,0,0,30.0,Southampton,"Youngstown, Ohio, US",3
602,608,1,1,male,0,0,27.0,Southampton,"Philadelphia, Pennsylvania, US",1
603,609,1,2,female,1,2,22.0,Cherbourg,"Cap-Ha?ien, Haiti",2
604,610,1,1,female,0,0,40.0,Southampton,"Greenwich, Connecticut, US",1
605,611,0,3,female,1,5,39.0,Southampton,"Winnipeg, Manitoba, Canada",3
606,612,0,3,male,0,0,21.0,Southampton,New York City,3
607,613,1,3,female,1,0,25.0,Queenstown,"Philadelphia, Pennsylvania, US",3
608,614,0,3,male,0,0,22.0,Queenstown,New York City,3
609,615,0,3,male,0,0,35.0,Southampton,New York City,3
610,616,1,2,female,1,2,24.0,Southampton,"Bernardsville, New Jersey, US",2
611,617,0,3,male,1,1,34.0,Southampton,"Stanton, Iowa, US",3
612,618,0,3,female,1,0,26.0,Southampton,"Scranton, Pennsylvania, US",3
613,619,1,2,female,2,1,4.0,Southampton,"Benton Harbor, Michigan, US",2
614,620,0,2,male,0,0,26.0,Southampton,"Elizabeth, New Jersey, US",2
615,621,0,3,male,1,0,27.0,Cherbourg,"Wilkes-Barre, Pennsylvania, US",3
616,622,1,1,male,1,0,42.0,Southampton,"Boston, Massachusetts, US",1
617,623,1,3,male,1,1,20.0,Cherbourg,"Waterbury, Connecticut, US",3
618,624,0,3,male,0,0,21.0,Southampton,"Racine, Wisconsin, US",3
619,625,0,3,male,0,0,20.0,Southampton,New York City,3
620,626,0,1,male,0,0,61.0,Southampton,"Haddonfield, New Jersey, US",1
621,627,0,2,male,0,0,52.0,Queenstown,"Tuxford, Saskatchewan, Canada",2
622,628,1,1,female,0,0,21.0,Cherbourg,"Hudson, New York, US",1
623,629,0,3,male,0,0,26.0,Southampton,"Chicago, Illinois, US",3
624,630,0,3,male,0,0,17.0,Queenstown,New York City,3
625,631,1,1,male,0,0,47.0,Southampton,"New York, New York, US",1
626,632,0,3,male,0,0,51.0,Southampton,"Spokane, Washington, US",3
627,633,1,1,male,0,0,32.0,Southampton,"New York, New York, US",1
628,634,0,1,male,0,0,29.0,Belfast,"New York, New York, US",1
629,635,0,3,female,3,2,9.0,Southampton,"Iron Mountain, Michigan, US",3
630,636,1,2,female,0,0,28.0,Southampton,"Tottenville, New York, US",2
631,637,0,3,male,0,0,32.0,Southampton,New York City,3
632,638,0,2,male,1,1,31.0,Southampton,"Payette, Idaho, US",2
633,639,0,3,female,0,5,41.0,Southampton,"Coal Center, Pennsylvania, US",3
634,640,0,3,male,1,0,36.0,Southampton,"Clinton, New York, US",3
635,641,0,3,male,0,0,20.0,Southampton,"Portland, Oregon, US",3
636,642,1,1,female,0,0,24.0,Cherbourg,"New York, New York, US",1
637,643,0,3,female,3,2,2.0,Southampton,"Iron Mountain, Michigan, US",3
638,644,1,3,male,0,0,32.0,Southampton,New York City,3
639,645,1,3,female,2,1,4.0,Cherbourg,"Brooklyn, New York, US",3
640,646,1,1,male,1,0,48.0,Cherbourg,"New York, New York, US",1
641,647,0,3,male,0,0,19.0,Southampton,"Great Falls, Montana, US",3
642,648,1,1,male,0,0,56.0,Southampton,"New York, New York, US",1
643,649,0,3,male,0,0,18.0,Southampton,"Schenectady, New York, US",3
644,650,1,3,female,0,0,24.0,Southampton,"New Haven, Connecticut, US",3
645,651,0,3,male,0,0,23.0,Southampton,"Chicago, Illinois, US",3
646,652,1,2,female,0,1,19.0,Southampton,New York City,2
647,653,0,3,male,0,0,21.0,Southampton,"Story City, Iowa, US",3
648,654,1,3,female,0,0,16.0,Queenstown,New York City,3
649,655,0,3,female,0,0,18.0,Queenstown,"Charlestown, US",3
650,656,0,2,male,2,0,24.0,Southampton,"Eden, Manitoba, Canada",2
651,657,0,3,male,0,0,27.0,Southampton,"Chicago, Illinois, US",3
652,658,0,3,female,1,1,32.0,Queenstown,"Chicago, Illinois, US",3
653,659,0,2,male,0,0,23.0,Southampton,"Detroit, Michigan, US",2
654,660,0,1,male,0,2,58.0,Cherbourg,"Lexington, Massachusetts, US",1
655,661,1,1,male,2,0,49.0,Southampton,"New York, New York, US",1
656,662,0,3,male,0,0,40.0,Cherbourg,New York City,3
657,663,0,1,male,0,0,37.0,Southampton,"Vancouver, British Columbia, Canada",1
658,664,0,3,male,0,0,36.0,Southampton,"Chicago, Illinois, US",3
659,665,1,3,male,1,0,20.0,Southampton,"Monessen, Pennsylvania, US",3
660,666,0,2,male,2,0,30.0,Southampton,"The Pas, Manitoba, Canada",2
661,667,0,2,male,0,0,25.0,Southampton,New York City,2
662,668,0,3,male,0,0,49.0,Southampton,New York City,3
663,669,0,3,male,0,0,43.0,Southampton,New York City,3
664,670,1,1,female,1,0,48.0,Southampton,"East Orange, New Jersey, US",1
665,671,1,2,female,1,1,40.0,Southampton,"Seattle, Washington, US",2
666,672,0,1,male,1,0,31.0,Southampton,"Montreal, Quebec, Canada",1
667,673,0,2,male,0,0,71.0,Southampton,"Toledo, Ohio, US",2
668,674,1,2,male,0,0,32.0,Southampton,New York City,2
669,675,0,2,male,0,0,15.0,Belfast,New York City,2
670,676,0,3,male,0,0,18.0,Southampton,"Joliet, Illinois, US",3
671,677,0,3,male,0,0,33.0,Southampton,"Halley, Michigan, US",3
672,678,1,3,female,0,0,18.0,Southampton,"Ashtabula, Ohio, US",3
673,679,0,3,female,1,6,43.0,Southampton,"Niagara Falls, New York, US",3
674,680,1,1,male,0,1,36.0,Cherbourg,"Germantown, Pennsylvania, US",1
675,681,0,3,female,0,0,26.0,Queenstown,New York City,3
676,682,1,1,male,0,0,27.0,Cherbourg,"New York, New York, US",1
677,683,0,3,male,0,0,20.0,Southampton,"Carneron, US",3
678,684,0,3,male,5,2,14.0,Southampton,"Niagara Falls, New York, US",3
679,685,0,2,male,1,1,60.0,Southampton,"Seattle, Washington, US",2
680,686,0,2,male,1,2,25.0,Cherbourg,"Cap-Ha?ien, Haiti",2
681,687,0,3,male,4,1,15.0,Southampton,"Coal Center, Pennsylvania, US",3
682,688,0,3,male,0,0,19.0,Southampton,New York City,3
683,689,0,3,male,0,0,18.0,Southampton,New York City,3
684,690,1,1,female,0,1,16.0,Southampton,"St Louis, Missouri, US",1
685,691,1,1,male,1,0,31.0,Southampton,"Calgary, Alberta, Canada",1
686,692,1,3,female,0,1,4.0,Southampton,"Galesburg, Illinois, US",3
687,693,1,3,male,0,0,37.0,Southampton,New York City,3
688,694,0,3,male,0,0,25.0,Cherbourg,"Ottawa, Ontario, Canada",3
689,695,0,1,male,0,0,59.0,Southampton,"New York, New York, US",1
690,696,0,2,male,0,0,52.0,Southampton,"Bronx, New York, US",2
691,697,0,3,male,0,0,44.0,Queenstown,"New Haven, Connecticut, US",3
692,698,1,3,female,0,0,19.0,Queenstown,New York City,3
693,699,0,1,male,1,1,49.0,Cherbourg,"Haverford, Pennsylvania, US",1
694,700,0,3,male,0,0,42.0,Southampton,"Milwaukee, Wisconsin, US",3
695,701,1,1,female,1,0,18.0,Cherbourg,"New York, New York, US",1
696,702,1,1,male,0,0,35.0,Southampton,"St Louis, Missouri, US",1
697,703,0,3,female,0,1,12.0,Cherbourg,"Ottawa, Ontario, Canada",3
698,704,0,3,male,0,0,29.0,Queenstown,New York City,3
699,705,0,3,male,1,0,26.0,Southampton,"Racine, Wisconsin, US",3
700,706,0,2,male,0,0,38.0,Southampton,"Los Angeles, US",2
701,707,1,2,female,0,0,45.0,Southampton,New York City,2
702,708,1,1,male,0,0,42.0,Southampton,"New York, New York, US",1
703,709,1,1,female,0,0,22.0,Southampton,"Montreal, Quebec, Canada",1
704,710,1,3,male,1,1,4.0,Cherbourg,"Houtzdale, Pennsylvania, US",3
705,711,1,1,female,0,0,24.0,Cherbourg,"Montreal, Quebec, Canada",1
706,712,0,1,male,0,0,45.0,Southampton,"Portland, Oregon, US",1
707,713,1,1,male,1,0,48.0,Southampton,"East Orange, New Jersey, US",1
708,714,0,3,male,0,0,29.0,Southampton,"Stamford, Connecticut, US",3
709,715,0,2,male,0,0,52.0,Southampton,"Bronx, New York, US",2
710,716,0,3,male,0,0,19.0,Southampton,"Minneapolis, Minnesota, US",3
711,717,1,1,female,0,0,39.0,Cherbourg,"New York, New York, US",1
712,718,1,2,female,0,0,27.0,Southampton,"Auburndale, Florida, US",2
713,719,0,3,male,0,0,19.0,Queenstown,New York City,3
714,720,0,3,male,0,0,33.0,Southampton,"Minneapolis, Minnesota, US",3
715,721,1,2,female,0,1,6.0,Southampton,"Chicago, Illinois, US",2
716,722,0,3,male,1,0,17.0,Southampton,"Portland, Oregon, US",3
717,723,0,2,male,0,0,34.0,Southampton,"Vancouver, British Columbia, Canada",2
718,724,0,2,male,0,0,50.0,Southampton,"Boston, Massachusetts, US",2
719,725,1,1,male,1,0,27.0,Southampton,"New York, New York, US",1
720,726,0,3,male,0,0,20.0,Southampton,"Chicago, Illinois, US",3
721,727,1,2,female,3,0,30.0,Southampton,"Elizabeth, New Jersey, US",2
722,728,1,3,female,0,0,28.0,Queenstown,New York City,3
723,729,0,2,male,1,0,25.0,Southampton,"Rockford, Illinois, US",2
724,730,0,3,female,1,0,25.0,Southampton,New York City,3
725,731,1,1,female,0,0,29.0,Southampton,"St Louis, Missouri, US",1
726,732,0,3,male,0,0,11.0,Cherbourg,"Fredericksburg, Virginia, US",3
727,733,0,2,male,0,0,39.0,Belfast,New York City,2
728,734,0,2,male,0,0,23.0,Southampton,"Calumet, Michigan, US",2
729,735,0,2,male,0,0,23.0,Southampton,New York City,2
730,736,0,3,male,0,0,28.0,Southampton,New York City,3
731,737,0,3,female,1,3,48.0,Southampton,"Essex County, New Jersey, US",3
732,738,1,1,male,0,0,35.0,Cherbourg,"Germantown, Pennsylvania, US",1
733,739,0,3,male,0,0,20.0,Southampton,"Chicago, Illinois, US",3
734,740,0,3,male,0,0,32.0,Southampton,"Chicago, Illinois, US",3
735,741,1,1,male,0,0,45.0,Southampton,"New York, New York, US",1
736,742,0,1,male,1,0,36.0,Southampton,"New York, New York, US",1
737,743,1,1,female,2,2,21.0,Cherbourg,"Cooperstown, New York, US",1
738,744,0,3,male,1,0,27.0,Southampton,"Philadelphia, Pennsylvania, US",3
739,745,1,3,male,0,0,31.0,Southampton,"Duluth, Minnesota, US",3
740,746,0,1,male,1,1,70.0,Southampton,"Milwaukee, Wisconsin, US",1
741,747,0,3,male,1,1,16.0,Southampton,"East Providence, Rhode Island, US",3
742,748,1,2,female,0,0,30.0,Southampton,"Brighton, Boston, Massachusetts, US",2
743,749,0,1,male,1,0,18.0,Southampton,"New York, New York, US",1
744,750,0,3,male,0,0,31.0,Queenstown,"Brooklyn, New York, US",3
745,751,1,2,female,1,1,4.0,Southampton,"Akron, Ohio, US",2
746,752,1,3,male,0,1,7.0,Southampton,"Chicago, Illinois, US",3
747,753,0,3,male,0,0,35.0,Southampton,New York City,3
748,754,0,3,male,0,0,23.0,Southampton,"Chicago, Illinois, US",3
749,755,1,2,female,1,2,48.0,Southampton,"Bernardsville, New Jersey, US",2
750,756,1,2,male,1,1,1.0,Southampton,"Detroit, Michigan, US",2
751,757,0,3,male,0,0,24.0,Southampton,"Tower, Minnesota, US",3
752,758,0,2,male,0,0,18.0,Southampton,"Akron, Ohio, US",2
753,759,0,3,male,0,0,34.0,Southampton,"Detroit, Michigan, US",3
754,760,1,1,female,0,0,34.0,Southampton,"Vancouver, British Columbia, Canada",1
755,761,0,3,male,0,0,21.0,Southampton,"Kitchener, Ontario, Canada",3
756,762,0,3,male,0,0,41.0,Southampton,"Sudbury, Ontario, Canada",3
757,763,1,3,male,0,0,27.0,Cherbourg,"Wilkes-Barre, Pennsylvania, US",3
758,764,1,1,female,1,2,36.0,Southampton,"Bryn Mawr, Pennsylvania, US",1
759,765,0,3,male,0,0,16.0,Southampton,"Jerome Junction, Arizona, US",3
760,766,1,1,female,1,0,51.0,Cherbourg,"Hudson, New York, US",1
761,767,0,1,male,0,0,45.0,Cherbourg,"Philadelphia, Pennsylvania, US",1
762,768,0,3,female,0,0,32.0,Queenstown,"Chicago, Illinois, US",3
763,769,0,3,male,1,0,27.0,Queenstown,"Brooklyn, New York, US",3
764,770,0,3,male,0,0,32.0,Southampton,"Portland, North Dakota, US",3
765,771,0,3,male,0,0,24.0,Southampton,"Detroit, Michigan, US",3
766,772,0,3,male,0,0,48.0,Southampton,"Portland, Oregon, US",3
767,773,0,2,female,0,0,57.0,Southampton,New York City,2
768,774,0,3,male,0,0,29.0,Cherbourg,New York City,3
769,775,1,2,female,1,3,54.0,Southampton,"Akron, Ohio, US",2
770,776,0,3,male,0,0,18.0,Southampton,"Chicago, Illinois, US",3
771,777,0,3,male,0,0,20.0,Queenstown,New York City,3
772,778,1,3,female,0,0,6.0,Southampton,New York City,3
773,779,0,3,male,0,0,22.0,Queenstown,New York City,3
774,780,1,1,female,0,1,43.0,Southampton,"St Louis, Missouri, US",1
775,781,1,3,female,0,0,15.0,Cherbourg,"Owen Sound, Ontario, Canada",3
776,782,1,1,female,1,0,17.0,Southampton,"Calgary, Alberta, Canada",1
777,783,0,1,male,0,0,29.0,Southampton,"Springfield, Massachusetts, US",1
778,784,0,3,male,1,2,35.0,Southampton,"New London, Connecticut, US",3
779,785,0,3,male,0,0,25.0,Southampton,New York City,3
780,786,0,3,male,0,0,25.0,Southampton,"Montreal, Quebec, Canada",3
781,787,1,3,female,0,0,18.0,Southampton,"Olympia, Washington, US",3
782,788,0,3,male,4,1,8.0,Queenstown,"Spokane, Washington, US",3
783,789,1,3,male,1,2,1.0,Southampton,"Wichita, Kansas, US",3
784,790,0,1,male,0,0,46.0,Cherbourg,"New York, New York, US",1
785,791,0,3,male,0,0,23.0,Queenstown,"Auburndale, Florida, US",3
786,792,0,2,male,0,0,18.0,Southampton,"Montreal, Quebec, Canada",2
787,793,0,3,female,8,2,20.0,Southampton,"Jacksonville, Florida, US",3
788,794,0,1,male,0,0,42.0,Cherbourg,"New York, New York, US",1
789,795,0,3,male,0,0,25.0,Southampton,"Chicago, Illinois, US",3
790,796,0,2,male,0,0,39.0,Southampton,"Middleburg Heights, Ohio, US",2
791,797,1,1,female,0,0,49.0,Southampton,"New York, New York, US",1
792,798,1,3,female,0,0,31.0,Southampton,"Steelton, Pennsylvania, US",3
793,799,0,3,male,0,0,33.0,Cherbourg,New York City,3
794,800,0,3,female,1,1,30.0,Southampton,"Detroit, Michigan, US",3
795,801,0,2,male,0,0,34.0,Southampton,New York City,2
796,802,1,2,female,1,1,31.0,Southampton,"Payette, Idaho, US",2
797,803,1,1,male,1,2,11.0,Southampton,"Bryn Mawr, Pennsylvania, US",1
798,804,1,3,male,0,1,0.42,Cherbourg,"Wilkes Barre, Pennsylvania, US",3
799,805,1,3,male,0,0,27.0,Southampton,"St. Paul, Minnesota, US",3
800,806,0,3,male,0,0,31.0,Southampton,"Duluth, Minnesota, US",3
801,807,0,1,male,0,0,39.0,Belfast,"New York, New York, US",1
802,808,0,3,female,0,0,18.0,Southampton,"Iron Mountain, Michigan, US",3
803,809,0,2,male,0,0,31.0,Southampton,New York City,2
804,810,1,1,female,1,0,32.0,Southampton,"New York, New York, US",1
805,811,0,3,male,0,0,23.0,Southampton,"Albion, Michigan, US",3
806,812,0,3,male,0,0,39.0,Southampton,"Pontiac, Michigan, US",3
807,813,0,2,male,0,0,35.0,Southampton,"Nashua, New Hampshire, US",2
808,814,0,3,female,4,2,6.0,Southampton,"Winnipeg, Manitoba, Canada",3
809,815,0,3,male,0,0,22.0,Southampton,"Des Moines, Iowa, US",3
810,816,0,1,male,0,0,39.0,Southampton,"New York, New York, US",1
811,817,0,3,female,0,0,23.0,Southampton,New York City,3
812,818,0,2,male,1,1,31.0,Cherbourg,"Montreal, Quebec, Canada",2
813,819,0,3,male,0,0,43.0,Southampton,New York City,3
814,820,0,3,male,3,2,11.0,Southampton,"Iron Mountain, Michigan, US",3
815,821,1,1,female,1,1,52.0,Southampton,"Montreal, Quebec, Canada",1
816,822,1,3,male,0,0,29.0,Southampton,"Chicago, Illinois, US",3
817,823,0,1,male,0,0,38.0,Southampton,"New York, New York, US",1
818,824,1,3,female,0,1,29.0,Southampton,"Chicago, Illinois, US",3
819,825,0,3,male,4,1,2.0,Southampton,"Coal Center, Pennsylvania, US",3
820,826,0,3,male,0,0,42.0,Queenstown,"Pittsburgh, Pennsylvania, US",3
821,827,0,3,male,0,0,23.0,Southampton,New York City,3
822,828,1,2,male,0,2,1.0,Cherbourg,"Montreal, Quebec, Canada",2
823,829,1,3,male,0,0,19.0,Queenstown,"Guttenberg, New Jersey, US",3
824,830,1,1,female,0,0,62.0,Southampton,"New York, New York, US",1
825,831,1,3,female,1,0,15.0,Cherbourg,"Wilkes-Barre, Pennsylvania, US",3
826,832,1,2,male,1,1,0.75,Southampton,"Akron, Ohio, US",2
827,833,0,3,male,0,0,30.0,Cherbourg,New York City,3
828,834,0,3,male,0,0,23.0,Southampton,"Bloomington, Indiana, US",3
829,835,0,3,male,0,0,15.0,Southampton,New York City,3
830,836,1,1,female,1,1,39.0,Cherbourg,"Lakewood, New Jersey, US",1
831,837,0,3,male,0,0,21.0,Southampton,"Aurora, Illinois, US",3
832,838,0,3,male,0,0,20.0,Southampton,New York City,3
833,839,1,3,male,0,0,32.0,Southampton,New York City,3
834,840,1,1,male,0,0,28.0,Cherbourg,"New York, New York, US",1
835,841,0,3,male,0,0,19.0,Southampton,"Astoria, Oregon, US",3
836,842,0,2,male,0,0,16.0,Southampton,New York City,2
837,843,1,1,female,0,0,30.0,Southampton,"Bryn Mawr, Pennsylvania, US",1
838,844,0,3,male,0,0,30.0,Cherbourg,"Stamford, Connecticut US",3
839,845,0,3,male,0,0,17.0,Southampton,"Hammond, Indiana, US",3
840,846,0,3,male,0,0,40.0,Southampton,"Cincinnati, Ohio, US",3
841,847,0,3,male,8,2,18.0,Southampton,"Jacksonville, Florida, US",3
842,848,0,3,male,0,0,35.0,Southampton,"Chicago, Illinois, US",3
843,849,0,2,male,0,1,39.0,Southampton,"Chicago, Illinois, US",2
844,850,1,1,female,1,0,40.0,Cherbourg,"New York, New York, US",1
845,851,0,3,male,4,2,4.0,Southampton,"Winnipeg, Manitoba, Canada",3
846,852,0,3,male,0,0,74.0,Southampton,"Effington Rut, South Dakota, US",3
847,853,0,3,female,1,1,7.0,Cherbourg,"Kent, British Columbia, Canada",3
848,854,1,1,female,0,1,16.0,Cherbourg,"Hanover, New Hampshire, US",1
849,855,0,2,female,1,0,45.0,Southampton,New York City,2
850,856,1,3,female,0,1,18.0,Southampton,"Norfolk, Virginia, US",3
851,857,1,1,female,1,1,45.0,Southampton,"Youngstown, Ohio, US",1
852,858,1,1,male,0,0,51.0,Southampton,"Lima, Peru",1
853,859,1,3,female,0,3,24.0,Cherbourg,"Brooklyn, New York, US",3
854,860,0,3,male,0,0,30.0,Cherbourg,New York City,3
855,861,0,3,male,2,0,41.0,Southampton,"Racine, Wisconsin, US",3
856,862,0,2,male,1,0,20.0,Southampton,"Camden, New Jersey, US",2
857,863,1,1,female,0,0,46.0,Southampton,"New York, New York, US",1
858,864,0,3,female,8,2,14.0,Southampton,"Jacksonville, Florida, US",3
859,865,0,2,male,0,0,24.0,Southampton,New York City,2
860,866,1,2,female,0,0,42.0,Southampton,New York City,2
861,867,1,2,female,1,0,27.0,Cherbourg,"Havana, Cuba",2
862,868,0,1,male,0,0,31.0,Southampton,"Trenton, New Jersey, US",1
863,869,0,3,male,0,0,23.0,Southampton,"Detroit, Michigan, US",3
864,870,1,3,male,1,1,4.0,Southampton,"St. Charles, Illinois, US",3
865,871,0,3,male,0,0,26.0,Southampton,"Harrisburg, Pennsylvania, US",3
866,872,1,1,female,1,1,46.0,Southampton,"New York, New York, US",1
867,873,0,1,male,0,0,33.0,Southampton,"New York, New York, US",1
868,874,0,3,male,0,0,46.0,Southampton,"Detroit, Michigan, US",3
869,875,1,2,female,1,0,28.0,Cherbourg,"New York, New York, US",2
870,876,1,3,female,0,0,15.0,Cherbourg,"Brooklyn, New York, US",3
871,877,0,3,male,0,0,19.0,Southampton,"Waukegan, Illinois, US",3
872,878,0,3,male,0,0,19.0,Southampton,"Chicago, Illinois, US",3
873,879,0,3,male,0,0,23.0,Southampton,"Chicago, Illinois, US",3
874,880,1,1,female,0,1,56.0,Cherbourg,"Philadelphia, Pennsylvania, US",1
875,881,1,2,female,0,1,25.0,Southampton,"Deer Lodge, Montana, US",2
876,882,0,3,male,0,0,33.0,Cherbourg,New York City,3
877,883,0,3,female,0,0,22.0,Southampton,"Chicago, Illinois, US",3
878,884,0,2,male,0,0,28.0,Southampton,"Houghton, Michigan, US",2
879,885,0,3,male,0,0,25.0,Southampton,"Buffalo, New York, US",3
880,886,0,3,female,0,5,39.0,Queenstown,"Spokane, Washington, US",3
881,887,0,2,male,0,0,27.0,Southampton,"Worcester, Massachusetts, US",2
882,888,1,1,female,0,0,19.0,Southampton,"Greenwich, Connecticut, US",1
883,889,0,3,female,1,2,7.0,Southampton,"New London, Connecticut, US",3
884,890,1,1,male,0,0,26.0,Cherbourg,"New York, New York, US",1
885,891,0,3,male,0,0,43.0,Queenstown,New York City,3
